1503474161702	org.mayocat.store.rdbms.dbi.argument.MapAsJsonArgumentFactory	30	-1	-1	5
1503474161702	org.mayocat.store.rdbms.dbi.argument.MapAsJsonArgumentFactory	30	-1	-1	5
1503474161703	org.mayocat.store.rdbms.dbi.argument.MapAsJsonArgumentFactory	30	-1	-1	5
1503474161703	org.mayocat.store.rdbms.dbi.argument.MapAsJsonArgumentFactory	30	-1	-1	5
1503474161711	org.mayocat.store.rdbms.dbi.argument.MapAsJsonArgumentFactory	30	-1	-1	5
1503474161712	org.mayocat.store.rdbms.dbi.argument.MapAsJsonArgumentFactory	30	-1	-1	5
1503474161713	org.mayocat.store.rdbms.dbi.argument.MapAsJsonArgumentFactory	30	-1	-1	5
1503474161713	org.mayocat.store.rdbms.dbi.argument.MapAsJsonArgumentFactory	30	-1	-1	5
1503474161715	org.mayocat.store.rdbms.dbi.argument.MapAsJsonArgumentFactory	30	-1	-1	5
1503474161715	org.mayocat.store.rdbms.dbi.argument.MapAsJsonArgumentFactory	30	-1	-1	5
1503474161716	org.mayocat.store.rdbms.dbi.argument.MapAsJsonArgumentFactory	30	-1	-1	5
1503474161716	org.mayocat.store.rdbms.dbi.argument.MapAsJsonArgumentFactory	30	-1	-1	5
1503474161718	org.mayocat.store.rdbms.dbi.argument.MapAsJsonArgumentFactory	30	-1	-1	5
1503474161718	org.mayocat.store.rdbms.dbi.argument.MapAsJsonArgumentFactory	30	-1	-1	5
1503474161720	org.mayocat.store.rdbms.dbi.argument.MapAsJsonArgumentFactory	30	-1	-1	5
1503474161721	org.mayocat.store.rdbms.dbi.argument.MapAsJsonArgumentFactory	30	-1	-1	5
1503474161723	org.mayocat.store.rdbms.dbi.argument.MapAsJsonArgumentFactory	30	-1	-1	5
1503474161723	org.mayocat.store.rdbms.dbi.argument.MapAsJsonArgumentFactory	30	-1	-1	5
1503474161725	org.mayocat.store.rdbms.dbi.argument.MapAsJsonArgumentFactory	30	-1	-1	5
1503474161726	org.mayocat.store.rdbms.dbi.argument.MapAsJsonArgumentFactory	30	-1	-1	5
1503474161727	org.mayocat.store.rdbms.dbi.argument.MapAsJsonArgumentFactory	30	-1	-1	5
1503474161727	org.mayocat.store.rdbms.dbi.argument.MapAsJsonArgumentFactory	30	-1	-1	5
1503474161729	org.mayocat.store.rdbms.dbi.argument.MapAsJsonArgumentFactory	30	-1	-1	5
1503474161729	org.mayocat.store.rdbms.dbi.argument.MapAsJsonArgumentFactory	30	-1	-1	5
1503474161730	org.mayocat.store.rdbms.dbi.argument.MapAsJsonArgumentFactory	30	-1	-1	5
1503474161730	org.mayocat.store.rdbms.dbi.argument.MapAsJsonArgumentFactory	30	-1	-1	5
1503474161732	org.mayocat.store.rdbms.dbi.argument.MapAsJsonArgumentFactory	30	-1	-1	5
1503474161732	org.mayocat.store.rdbms.dbi.argument.MapAsJsonArgumentFactory	30	-1	-1	5
1503474161734	org.mayocat.store.rdbms.dbi.argument.MapAsJsonArgumentFactory	30	-1	-1	5
1503474161734	org.mayocat.store.rdbms.dbi.argument.MapAsJsonArgumentFactory	30	-1	-1	5
1503474161735	org.mayocat.store.rdbms.dbi.argument.MapAsJsonArgumentFactory	30	-1	-1	5
1503474161735	org.mayocat.store.rdbms.dbi.argument.MapAsJsonArgumentFactory	30	-1	-1	5
1503474161737	org.mayocat.store.rdbms.dbi.argument.MapAsJsonArgumentFactory	30	-1	-1	5
1503474161737	org.mayocat.store.rdbms.dbi.argument.MapAsJsonArgumentFactory	30	-1	-1	5
1503474161738	org.mayocat.store.rdbms.dbi.argument.MapAsJsonArgumentFactory	30	-1	-1	5
1503474161738	org.mayocat.store.rdbms.dbi.argument.MapAsJsonArgumentFactory	30	-1	-1	5
1503474161740	org.mayocat.store.rdbms.dbi.argument.MapAsJsonArgumentFactory	30	-1	-1	5
1503474161740	org.mayocat.store.rdbms.dbi.argument.MapAsJsonArgumentFactory	30	-1	-1	5
1503474161741	org.mayocat.store.rdbms.dbi.argument.MapAsJsonArgumentFactory	30	-1	-1	5
1503474161741	org.mayocat.store.rdbms.dbi.argument.MapAsJsonArgumentFactory	30	-1	-1	5
1503474161743	org.mayocat.store.rdbms.dbi.argument.MapAsJsonArgumentFactory	30	-1	-1	5
1503474161743	org.mayocat.store.rdbms.dbi.argument.MapAsJsonArgumentFactory	30	-1	-1	5
1503474161744	org.mayocat.store.rdbms.dbi.argument.MapAsJsonArgumentFactory	30	-1	-1	5
1503474161745	org.mayocat.store.rdbms.dbi.argument.MapAsJsonArgumentFactory	30	-1	-1	5
1503474161745	org.mayocat.store.rdbms.dbi.argument.MapAsJsonArgumentFactory	30	-1	-1	5
1503474161746	org.mayocat.store.rdbms.dbi.argument.MapAsJsonArgumentFactory	30	-1	-1	5
1503474161747	org.mayocat.store.rdbms.dbi.argument.MapAsJsonArgumentFactory	30	-1	-1	5
1503474161748	org.mayocat.store.rdbms.dbi.argument.MapAsJsonArgumentFactory	30	-1	-1	5
1503474161748	org.mayocat.store.rdbms.dbi.argument.MapAsJsonArgumentFactory	30	-1	-1	5
1503474161749	org.mayocat.store.rdbms.dbi.argument.MapAsJsonArgumentFactory	30	-1	-1	5
1503474161749	org.mayocat.store.rdbms.dbi.argument.MapAsJsonArgumentFactory	30	-1	-1	5
1503474161751	org.mayocat.store.rdbms.dbi.argument.MapAsJsonArgumentFactory	30	-1	-1	5
1503474161751	org.mayocat.store.rdbms.dbi.argument.MapAsJsonArgumentFactory	30	-1	-1	5
1503474161752	org.mayocat.store.rdbms.dbi.argument.MapAsJsonArgumentFactory	30	-1	-1	5
1503474161752	org.mayocat.store.rdbms.dbi.argument.MapAsJsonArgumentFactory	30	-1	-1	5
1503474161754	org.mayocat.store.rdbms.dbi.argument.MapAsJsonArgumentFactory	30	-1	-1	5
1503474161754	org.mayocat.store.rdbms.dbi.argument.MapAsJsonArgumentFactory	30	-1	-1	5
1503474161793	org.mayocat.store.rdbms.dbi.argument.MapAsJsonArgumentFactory	30	-1	-1	5
1503474161793	org.mayocat.store.rdbms.dbi.argument.MapAsJsonArgumentFactory	30	-1	-1	5
1503474161804	org.mayocat.store.rdbms.dbi.argument.MapAsJsonArgumentFactory	30	-1	-1	5
1503474161804	org.mayocat.store.rdbms.dbi.argument.MapAsJsonArgumentFactory	30	-1	-1	5
1503474161806	org.mayocat.store.rdbms.dbi.argument.MapAsJsonArgumentFactory	30	-1	-1	5
1503474161806	org.mayocat.store.rdbms.dbi.argument.MapAsJsonArgumentFactory	30	-1	-1	5
1503474161808	org.mayocat.store.rdbms.dbi.argument.MapAsJsonArgumentFactory	30	-1	-1	5
1503474161808	org.mayocat.store.rdbms.dbi.argument.MapAsJsonArgumentFactory	30	-1	-1	5
1503474161810	org.mayocat.store.rdbms.dbi.argument.MapAsJsonArgumentFactory	30	-1	-1	5
1503474161810	org.mayocat.store.rdbms.dbi.argument.MapAsJsonArgumentFactory	30	-1	-1	5
1503474161812	org.mayocat.store.rdbms.dbi.argument.MapAsJsonArgumentFactory	30	-1	-1	5
1503474161812	org.mayocat.store.rdbms.dbi.argument.MapAsJsonArgumentFactory	30	-1	-1	5
1503474161813	org.mayocat.store.rdbms.dbi.argument.MapAsJsonArgumentFactory	30	-1	-1	5
1503474161813	org.mayocat.store.rdbms.dbi.argument.MapAsJsonArgumentFactory	30	-1	-1	5
1503474161815	org.mayocat.store.rdbms.dbi.argument.MapAsJsonArgumentFactory	30	-1	-1	5
1503474161815	org.mayocat.store.rdbms.dbi.argument.MapAsJsonArgumentFactory	30	-1	-1	5
1503474161817	org.mayocat.store.rdbms.dbi.argument.MapAsJsonArgumentFactory	30	-1	-1	5
1503474161817	org.mayocat.store.rdbms.dbi.argument.MapAsJsonArgumentFactory	30	-1	-1	5
1503474161826	org.mayocat.store.rdbms.dbi.argument.MapAsJsonArgumentFactory	30	-1	-1	5
1503474161826	org.mayocat.store.rdbms.dbi.argument.MapAsJsonArgumentFactory	30	-1	-1	5
1503474161827	org.mayocat.store.rdbms.dbi.argument.MapAsJsonArgumentFactory	30	-1	-1	5
1503474161827	org.mayocat.store.rdbms.dbi.argument.MapAsJsonArgumentFactory	30	-1	-1	5
1503474161829	org.mayocat.store.rdbms.dbi.argument.MapAsJsonArgumentFactory	30	-1	-1	5
1503474161830	org.mayocat.store.rdbms.dbi.argument.MapAsJsonArgumentFactory	30	-1	-1	5
1503474161831	org.mayocat.store.rdbms.dbi.argument.MapAsJsonArgumentFactory	30	-1	-1	5
1503474161831	org.mayocat.store.rdbms.dbi.argument.MapAsJsonArgumentFactory	30	-1	-1	5
1503474161832	org.mayocat.store.rdbms.dbi.argument.MapAsJsonArgumentFactory	30	-1	-1	5
1503474161833	org.mayocat.store.rdbms.dbi.argument.MapAsJsonArgumentFactory	30	-1	-1	5
1503474161834	org.mayocat.store.rdbms.dbi.argument.MapAsJsonArgumentFactory	30	-1	-1	5
1503474161834	org.mayocat.store.rdbms.dbi.argument.MapAsJsonArgumentFactory	30	-1	-1	5
1503474161836	org.mayocat.store.rdbms.dbi.argument.MapAsJsonArgumentFactory	30	-1	-1	5
1503474161836	org.mayocat.store.rdbms.dbi.argument.MapAsJsonArgumentFactory	30	-1	-1	5
1503474161838	org.mayocat.store.rdbms.dbi.argument.MapAsJsonArgumentFactory	30	-1	-1	5
1503474161838	org.mayocat.store.rdbms.dbi.argument.MapAsJsonArgumentFactory	30	-1	-1	5
1503474161841	org.mayocat.store.rdbms.dbi.argument.MapAsJsonArgumentFactory	30	-1	-1	5
1503474161841	org.mayocat.store.rdbms.dbi.argument.MapAsJsonArgumentFactory	30	-1	-1	5
1503474161842	org.mayocat.store.rdbms.dbi.argument.MapAsJsonArgumentFactory	30	-1	-1	5
1503474161842	org.mayocat.store.rdbms.dbi.argument.MapAsJsonArgumentFactory	30	-1	-1	5
1503474161844	org.mayocat.store.rdbms.dbi.argument.MapAsJsonArgumentFactory	30	-1	-1	5
1503474161844	org.mayocat.store.rdbms.dbi.argument.MapAsJsonArgumentFactory	30	-1	-1	5
1503474161845	org.mayocat.store.rdbms.dbi.argument.MapAsJsonArgumentFactory	30	-1	-1	5
1503474161846	org.mayocat.store.rdbms.dbi.argument.MapAsJsonArgumentFactory	30	-1	-1	5
1503474161846	org.mayocat.store.rdbms.dbi.argument.MapAsJsonArgumentFactory	30	-1	-1	5
1503474161848	org.mayocat.store.rdbms.dbi.argument.MapAsJsonArgumentFactory	30	-1	-1	5
1503474161848	org.mayocat.store.rdbms.dbi.argument.MapAsJsonArgumentFactory	30	-1	-1	5
1503474161850	org.mayocat.store.rdbms.dbi.argument.MapAsJsonArgumentFactory	30	-1	-1	5
1503474161850	org.mayocat.store.rdbms.dbi.argument.MapAsJsonArgumentFactory	30	-1	-1	5
1503474161852	org.mayocat.store.rdbms.dbi.argument.MapAsJsonArgumentFactory	30	-1	-1	5
1503474161852	org.mayocat.store.rdbms.dbi.argument.MapAsJsonArgumentFactory	30	-1	-1	5
1503474161854	org.mayocat.store.rdbms.dbi.argument.MapAsJsonArgumentFactory	30	-1	-1	5
1503474161854	org.mayocat.store.rdbms.dbi.argument.MapAsJsonArgumentFactory	30	-1	-1	5
1503474161855	org.mayocat.store.rdbms.dbi.argument.MapAsJsonArgumentFactory	30	-1	-1	5
1503474161856	org.mayocat.store.rdbms.dbi.argument.MapAsJsonArgumentFactory	30	-1	-1	5
1503474161857	org.mayocat.store.rdbms.dbi.argument.MapAsJsonArgumentFactory	30	-1	-1	5
1503474161857	org.mayocat.store.rdbms.dbi.argument.MapAsJsonArgumentFactory	30	-1	-1	5
